,위도,경도,고도,지형유형,도로거리,토양 pH,전기전도도,y
0,36.818286,127.76592,142.3634949,산림,413.0,5.7,0.3,1
1,35.366927,129.3005,31.58818436,평지,357.0,5.4,0.7,1
2,35.297099,129.2526,11.79076195,평지,111.0,5.6,0.8,1
3,35.297099,129.2526,11.79076195,평지,111.0,5.6,0.8,1
4,35.602107,129.28892,91.71580505,산림,349.0,5.7,1.2,1
5,35.602107,129.28892,91.71580505,산림,349.0,5.7,1.2,1
6,35.515393,129.2764,21.63876152,평지,360.0,5.7,0.7,1
7,35.527339,129.18566,60.06561279,산림,590.0,5.7,0.5,1
8,35.610052,129.17509,62.63775635,산림,286.0,5.6,0.6,1
9,35.527339,129.18566,60.06561279,산림,590.0,5.7,0.5,1
10,35.58168,129.02582,709.1270752,산림,253.0,5.5,0.6,1
11,35.56857,129.08754,133.201416,산림,229.0,5.5,0.6,1
12,35.58168,129.02582,709.1270752,산림,253.0,5.5,0.6,1
13,35.399076,129.18343,151.4741821,산림,517.0,5.8,0.4,1
14,35.392961,129.24305,63.18647766,산림,342.0,5.3,0.6,1
15,35.372237,129.33559,55.95412445,산림,61.0,5.4,0.7,1
16,35.399076,129.18343,151.4741821,산림,517.0,5.8,0.4,1
17,35.297099,129.2526,11.79076195,평지,111.0,5.6,0.8,1
18,35.350515,129.14636,148.8852234,산림,144.0,5.7,1.2,1
19,35.324832,129.13932,207.5783386,산림,1353.0,5.9,0.5,1
20,35.292801,129.17343,121.9548035,산림,259.0,5.9,0.5,1
21,35.269324,129.17972,131.4147034,산림,159.0,5.9,0.5,1
22,35.298856,129.19237,93.75008392,산림,300.0,5.6,0.8,1
23,35.341776,129.22394,234.4013672,산림,1000.0,5.9,0.5,1
24,35.371412,129.22846,107.942749,산림,409.0,5.9,0.5,1
25,35.371412,129.22846,107.942749,산림,409.0,5.9,0.5,1
26,35.298856,129.19237,93.75008392,산림,300.0,5.6,0.8,1
27,35.269324,129.17972,131.4147034,산림,159.0,5.9,0.5,1
28,35.350515,129.14636,148.8852234,산림,144.0,5.7,1.2,1
29,35.571562,129.4002,178.2171631,산림,259.0,5.8,0.9,1
30,35.551773,129.44976,16.87589264,평지,1458.0,5.6,0.8,1
31,35.558035,129.42722,140.1933441,산림,88.0,5.6,0.8,1
32,35.571562,129.4002,178.2171631,산림,259.0,5.8,0.9,1
33,35.551773,129.44976,16.87589264,평지,1458.0,5.6,0.8,1
34,35.558035,129.42722,140.1933441,산림,88.0,5.6,0.8,1
35,35.558035,129.42722,140.1933441,산림,88.0,5.6,0.8,1
36,35.461697,129.24719,41.25606155,평지,752.0,5.7,0.7,1
37,35.399076,129.18343,151.4741821,산림,517.0,5.8,0.4,1
38,35.499306,129.40924,95.85633087,산림,330.0,5.6,0.8,1
39,36.880001,128.93769,416.3559875,산림,473.0,6.1,0.5,1
40,36.982039,128.90051,490.0707703,산림,110.0,5.8,0.4,1
41,36.910741,128.91376,406.3960571,산림,591.0,6.0,0.7,1
42,36.865147,128.92011,386.232605,산림,87.0,6.1,0.5,1
43,36.865147,128.92011,386.232605,산림,87.0,6.1,0.5,1
44,36.764229,128.81893,235.2412567,산림,72.0,6.1,27.0,1
45,36.835243,128.78358,321.0635681,산림,992.0,5.9,0.2,1
46,36.835243,128.78358,321.0635681,산림,992.0,5.9,0.2,1
47,36.752576,128.71768,315.0921936,산림,655.0,6.0,0.3,1
48,36.751514,128.71287,275.5778809,산림,403.0,6.0,0.3,1
49,36.912806,128.76893,240.6313629,산림,8.0,5.7,0.2,1
50,36.932969,128.82623,341.3095703,산림,354.0,6.0,0.2,1
51,36.94739,128.82922,432.0674133,산림,884.0,6.0,0.2,1
52,36.775432,126.29949,53.21852875,산림,373.0,6.2,0.7,1
53,36.775432,126.29949,53.21852875,산림,373.0,6.2,0.7,1
54,36.822061,128.55595,188.6759644,산림,138.0,6.2,0.2,1
55,36.765156,128.50881,275.3010559,산림,298.0,6.3,0.2,1
56,37.736722,126.97573,146.1619415,산림,37.0,6.3,0.9,1
57,37.862217,126.88763,78.04705811,산림,1148.0,6.0,0.8,1
58,35.499306,129.40924,95.85633087,산림,330.0,5.6,0.8,1
59,35.460089,129.26369,45.54231262,평지,240.0,5.7,0.7,1
60,35.460089,129.26369,45.54231262,평지,240.0,5.7,0.7,1
61,35.390499,129.31502,33.28043747,평지,1493.0,5.4,0.7,1
62,35.402245,129.32941,5.479960918,평지,165.0,5.6,1.0,1
63,35.390499,129.31502,33.28043747,평지,1493.0,5.4,0.7,1
64,37.655904,127.10289,65.91416931,산림,228.0,6.1,1.9,1
65,37.700571,127.09977,135.4172211,산림,722.0,6.3,1.7,1
66,37.683065,127.06277,63.7254715,산림,710.0,6.5,1.1,1
67,35.488981,128.40051,24.43158722,평지,533.0,5.4,1.1,1
68,37.72546,127.06999,79.32440186,산림,52.0,6.6,0.6,1
69,38.066841,127.24258,205.0490723,산림,276.0,5.8,0.7,1
70,38.10223,127.19252,153.5167236,산림,112.0,5.9,0.6,1
71,38.119607,127.1259,133.0909271,산림,308.0,6.0,0.8,1
72,37.755745,127.16763,97.16827393,산림,451.0,5.9,0.8,1
73,37.765678,127.14835,164.7457275,산림,195.0,5.9,0.8,1
74,37.767191,127.0878,62.10965347,산림,105.0,6.6,0.6,1
75,37.789878,127.06748,64.92912292,산림,99.0,6.4,1.7,1
76,37.825779,127.02974,180.4142151,산림,38.0,6.4,1.7,1
77,37.723186,127.03759,52.77617264,산림,119.0,6.6,0.6,1
78,35.470921,128.42678,32.05338287,평지,293.0,5.5,1.3,1
79,35.483559,128.46897,28.0,평지,1321.0,5.4,0.9,1
80,35.414602,128.20214,283.5542297,산림,1795.0,5.4,0.5,1
81,35.414602,128.20214,283.5542297,산림,1795.0,5.4,0.5,1
82,35.490452,128.20883,173.209549,산림,125.0,6.2,1.5,1
83,35.48858,128.19732,99.94683838,산림,566.0,6.2,1.5,1
84,35.471531,128.1381,110.5401535,산림,498.0,5.7,0.5,1
85,35.285463,128.26417,67.69812012,산림,115.0,5.6,2.4,1
86,35.306625,128.35515,16.7868042,평지,66.0,5.6,0.7,1
87,35.337406,128.38192,7.876268864,평지,152.0,5.7,1.0,1
88,35.29094,128.75354,43.61801529,평지,159.0,6.2,1.0,1
89,35.29094,128.75354,43.61801529,평지,159.0,6.2,1.0,1
90,35.270182,128.67216,39.0414238,평지,145.0,5.4,0.7,1
91,35.305948,128.6835,14.91987228,평지,180.0,5.6,0.3,1
92,35.304246,128.65428,6.258261681,평지,294.0,5.6,0.3,1
93,35.414602,128.20214,283.5542297,산림,1795.0,5.4,0.5,1
94,35.409501,128.17225,159.2323608,산림,46.0,5.7,0.5,1
95,35.378247,128.1819,247.2310333,산림,210.0,5.8,0.9,1
96,35.378247,128.1819,247.2310333,산림,210.0,5.8,0.9,1
97,35.139938,128.51558,65.0,산림,436.0,5.7,2.4,1
98,35.139938,128.51558,65.0,산림,436.0,5.7,2.4,1
99,35.196721,128.50861,143.4451904,산림,133.0,5.8,0.2,1
100,35.187233,128.52064,233.4677582,산림,36.0,5.8,0.2,1
101,35.240676,128.56631,62.88384247,산림,222.0,5.7,0.3,1
102,35.240799,128.52537,105.5048904,산림,416.0,5.8,0.2,1
103,35.235087,128.53912,100.9773483,산림,340.0,5.7,0.3,1
104,35.235087,128.53912,100.9773483,산림,340.0,5.7,0.3,1
105,35.325206,128.63383,71.06419373,산림,149.0,5.6,0.6,1
106,35.168048,128.49055,123.1448822,산림,61.0,5.7,0.3,1
107,35.168048,128.49055,123.1448822,산림,61.0,5.7,0.3,1
108,35.19066,128.38645,169.4078217,산림,312.0,5.5,0.2,1
109,35.221335,128.48824,144.6503601,산림,71.0,5.8,0.2,1
110,35.215583,128.4667,156.453186,산림,436.0,5.9,0.8,1
111,35.239688,128.39352,40.36479187,평지,328.0,5.8,0.9,1
112,35.386499,128.22386,167.1416321,산림,408.0,5.5,0.6,1
113,35.386499,128.22386,167.1416321,산림,408.0,5.5,0.6,1
114,35.168048,128.49055,123.1448822,산림,61.0,5.7,0.3,1
115,36.992148,128.4307,253.5640411,산림,654.0,6.4,0.2,1
116,35.325206,128.63383,71.06419373,산림,149.0,5.6,0.6,1
117,35.317148,128.9265,30.9798317,평지,557.0,6.2,1.0,1
118,37.911232,126.94746,176.409256,산림,158.0,6.2,1.4,1
119,37.889189,126.91225,146.2118378,산림,244.0,6.0,0.8,1
120,37.959759,126.96343,95.79632568,산림,1419.0,6.2,1.4,1
121,37.918911,126.96506,187.0,산림,501.0,6.3,1.9,1
122,37.921064,127.10213,167.9008026,산림,371.0,6.5,0.6,1
123,37.947004,127.009,132.7091217,산림,302.0,5.9,0.7,1
124,37.970532,127.037,113.7116776,산림,106.0,5.9,0.7,1
125,35.482899,128.87876,178.5105286,산림,186.0,8.0,0.9,1
126,35.388463,128.39379,21.67610931,평지,903.0,5.4,0.7,1
127,35.413245,128.43967,42.47426224,평지,828.0,5.5,1.3,1
128,35.426599,128.43858,42.09584808,평지,213.0,5.5,1.3,1
129,35.426599,128.43858,42.09584808,평지,213.0,5.5,1.3,1
130,38.069417,127.06271,79.65682983,산림,467.0,6.3,0.7,1
131,35.306391,128.18786,56.75476074,산림,145.0,5.7,1.6,1
132,35.322592,128.18459,105.2028503,산림,142.0,5.7,1.6,1
133,35.331194,128.15906,123.888237,산림,962.0,6.0,1.9,1
134,35.344888,128.22359,79.43812561,산림,306.0,5.5,0.6,1
135,35.357978,128.19584,147.5520477,산림,496.0,5.4,0.5,1
136,35.346205,128.13142,98.73058319,산림,73.0,5.8,0.9,1
137,36.849549,126.63161,75.67958832,산림,521.0,5.8,0.9,1
138,35.493612,128.76877,19.71005058,평지,235.0,6.1,1.3,1
139,35.421312,128.85985,41.58736038,평지,133.0,5.8,1.3,1
140,35.44317,128.80918,25.21254539,평지,279.0,5.8,1.3,1
141,35.490401,128.85085,63.46764374,산림,250.0,8.0,0.9,1
142,35.490401,128.85085,63.46764374,산림,250.0,8.0,0.9,1
143,35.424228,129.06611,42.42909241,평지,121.0,6.0,0.4,1
144,38.167311,127.18785,259.8192139,산림,178.0,5.9,0.6,1
145,38.210731,127.26912,176.4415894,산림,102.0,6.0,1.2,1
146,38.083045,127.05144,110.1898041,산림,256.0,6.3,0.7,1
147,38.07366,127.1074,114.1977768,산림,1292.0,6.0,0.8,1
148,35.443185,128.82993,112.6363831,산림,113.0,5.8,1.3,1
149,36.992148,128.4307,253.5640411,산림,654.0,6.4,0.2,1
150,36.978337,128.38072,374.8221741,산림,822.0,6.5,0.3,1
151,36.966315,128.39473,341.8460083,산림,832.0,6.5,0.3,1
152,35.555023,128.1405,57.50424576,산림,188.0,6.0,0.7,1
153,35.577642,128.13934,51.03442001,산림,33.0,6.1,0.7,1
154,35.552389,128.71231,81.6418457,산림,326.0,5.7,1.4,1
155,35.539126,128.64276,53.27793503,산림,211.0,5.7,1.0,1
156,35.511831,128.66892,94.06945038,산림,327.0,5.9,1.4,1
157,35.517268,128.63922,45.49687576,평지,279.0,5.9,1.4,1
158,35.517268,128.63922,45.49687576,평지,279.0,5.9,1.4,1
159,35.550736,128.72837,128.1481781,산림,444.0,5.7,1.4,1
160,35.550736,128.72837,128.1481781,산림,444.0,5.7,1.4,1
161,35.550468,128.69768,80.05998993,산림,226.0,5.7,1.4,1
162,35.557841,128.65686,85.86777496,산림,216.0,5.7,1.0,1
163,35.560031,128.68682,165.306076,산림,809.0,5.7,1.4,1
164,35.584441,128.65652,140.6716461,산림,75.0,5.7,1.0,1
165,35.619117,128.65742,134.7698975,산림,478.0,5.7,0.5,1
166,35.508763,128.85729,77.25498199,산림,16.0,8.0,0.9,1
167,35.533707,128.85451,59.81206131,산림,163.0,5.9,0.9,1
168,35.564508,128.79822,72.5247879,산림,94.0,5.6,0.9,1
169,35.605014,128.84347,113.3976746,산림,134.0,5.6,0.5,1
170,35.552899,128.1966,48.99179459,평지,234.0,6.4,0.6,1
171,35.564291,128.22201,84.06354523,산림,235.0,6.4,0.6,1
172,35.529442,128.20391,152.4645386,산림,338.0,6.2,1.5,1
173,35.537431,128.17824,37.29331207,평지,367.0,6.2,1.5,1
174,36.762603,129.43668,32.85995102,평지,7.0,5.8,0.7,1
175,36.776072,129.46881,31.49485588,평지,724.0,5.8,0.7,1
176,36.843845,129.34461,117.7521439,산림,213.0,5.6,0.5,1
177,36.772364,129.33371,203.8032684,산림,3939.0,6.0,0.2,1
178,36.813215,129.25789,324.5857239,산림,304.0,6.6,0.4,1
179,35.542115,128.51727,242.6581116,산림,543.0,5.5,0.9,1
180,35.542115,128.51727,242.6581116,산림,543.0,5.5,0.9,1
181,35.524468,128.59754,211.6979675,산림,262.0,5.7,1.0,1
182,35.605014,128.84347,113.3976746,산림,134.0,5.6,0.5,1
183,35.561665,128.61171,103.5044937,산림,216.0,5.7,1.0,1
184,35.57021,128.61375,129.3873138,산림,706.0,5.7,1.0,1
185,35.57021,128.61375,129.3873138,산림,706.0,5.7,1.0,1
186,35.587647,128.57535,206.2062225,산림,407.0,5.8,0.9,1
187,35.608106,128.53993,147.0745392,산림,467.0,5.8,0.9,1
188,36.775999,129.45305,85.34147644,산림,554.0,5.8,0.7,1
189,35.483653,128.71967,41.25524139,평지,72.0,5.7,1.4,1
190,35.578314,128.33847,18.42095375,평지,722.0,6.4,0.9,1
191,35.586335,128.3179,20.15664101,평지,48.0,6.4,0.9,1
192,35.581912,128.27207,13.0077467,평지,213.0,6.4,0.9,1
193,35.44841,128.29104,83.89013672,산림,52.0,5.4,0.5,1
194,35.414311,128.25787,123.7581711,산림,468.0,5.4,0.5,1
195,35.452046,128.32673,54.05777359,산림,261.0,5.6,1.1,1
196,35.573833,128.47768,37.13825989,평지,189.0,5.5,0.9,1
197,35.588733,128.39425,24.24666786,평지,180.0,5.5,1.0,1
198,35.588733,128.39425,24.24666786,평지,180.0,5.5,1.0,1
199,35.51903,128.4789,31.19901657,평지,579.0,5.5,0.9,1
200,35.559313,128.49026,34.07165146,평지,73.0,5.5,0.9,1
201,35.575179,128.38967,18.26219749,평지,239.0,5.5,1.0,1
202,35.586967,128.48235,47.26273727,평지,102.0,5.6,0.8,1
203,35.577779,128.429,20.98599243,평지,200.0,5.6,0.8,1
204,35.549066,128.34141,19.51164246,평지,516.0,6.4,0.9,1
205,35.549066,128.34141,19.51164246,평지,516.0,6.4,0.9,1
206,35.521244,128.31051,120.9343872,산림,1717.0,6.4,0.9,1
207,35.616871,128.29246,104.5712509,산림,184.0,6.4,0.9,1
208,35.460792,128.65084,7.755224705,평지,358.0,5.9,1.4,1
209,35.413118,128.71667,71.92094421,산림,46.0,6.1,2.0,1
210,35.436751,128.73637,107.1546326,산림,467.0,5.9,1.3,1
211,35.443423,128.66714,44.77427292,평지,332.0,5.9,1.4,1
212,35.466544,128.53335,168.7027893,산림,261.0,5.8,1.9,1
213,35.483653,128.71967,41.25524139,평지,72.0,5.7,1.4,1
214,35.39933,128.54732,19.78462219,평지,88.0,5.8,1.2,1
215,35.429813,128.5786,88.86517334,산림,276.0,5.8,1.2,1
216,35.42313,128.54441,29.27095032,평지,65.0,5.7,0.9,1
217,35.44612,128.56666,98.36427307,산림,425.0,5.7,0.9,1
218,35.44612,128.56666,98.36427307,산림,425.0,5.7,0.9,1
219,35.466651,128.56241,175.7944031,산림,31.0,5.8,1.9,1
220,35.497048,128.58241,157.1775513,산림,569.0,5.9,1.4,1
221,35.497048,128.58241,157.1775513,산림,569.0,5.9,1.4,1
222,35.39933,128.54732,19.78462219,평지,88.0,5.8,1.2,1
223,35.127696,128.53201,11.89338207,평지,279.0,5.7,0.2,1
224,36.859813,129.05589,550.5928955,산림,423.0,5.9,0.6,1
225,36.796963,129.06453,514.5358276,산림,18.0,6.1,0.2,1
226,36.895871,128.14341,256.0741882,산림,471.0,6.4,0.1,1
227,36.895871,128.14341,256.0741882,산림,471.0,6.4,0.1,1
228,36.884675,128.155,310.9883118,산림,1006.0,6.4,0.1,1
229,36.884675,128.155,310.9883118,산림,1006.0,6.4,0.1,1
230,36.82032,126.23225,45.96895599,평지,636.0,6.1,0.6,1
231,36.83985,126.2408,34.33299637,평지,116.0,6.1,0.6,1
232,36.824095,126.24791,53.86554337,산림,438.0,6.1,0.6,1
233,36.824095,126.24791,53.86554337,산림,438.0,6.1,0.6,1
234,36.753513,128.43132,192.9743805,산림,25.0,6.5,0.2,1
235,36.856843,128.48621,387.7024841,산림,646.0,6.3,0.2,1
236,36.780521,128.47976,486.8872375,산림,627.0,6.3,0.2,1
237,36.780521,128.47976,486.8872375,산림,627.0,6.3,0.2,1
238,36.760443,128.483,368.6039124,산림,466.0,5.9,1.0,1
239,36.760443,128.483,368.6039124,산림,466.0,5.9,1.0,1
240,36.753513,128.43132,192.9743805,산림,25.0,6.5,0.2,1
241,36.756637,128.44791,177.7368622,산림,325.0,6.5,0.2,1
242,36.849062,128.41595,431.2380676,산림,1047.0,6.4,0.1,1
243,36.851752,128.42369,487.4251404,산림,1047.0,6.4,0.1,1
244,36.851752,128.42369,487.4251404,산림,1047.0,6.4,0.1,1
245,36.900202,128.24693,280.4782104,산림,122.0,6.3,0.1,1
246,36.916826,128.40215,472.1701355,산림,72.0,6.4,0.1,1
247,36.916826,128.40215,472.1701355,산림,72.0,6.4,0.1,1
248,36.804689,128.172,398.5960999,산림,160.0,6.3,1.0,1
249,36.776624,128.17822,305.3981018,산림,366.0,6.3,1.0,1
250,36.804689,128.172,398.5960999,산림,160.0,6.3,1.0,1
251,36.728851,126.32062,43.67920303,평지,121.0,6.2,0.7,1
252,36.970654,128.17086,151.5761261,산림,432.0,6.7,0.7,1
253,36.900202,128.24693,280.4782104,산림,122.0,6.3,0.1,1
254,36.970654,128.17086,151.5761261,산림,432.0,6.7,0.7,1
255,36.9613,128.15551,157.8786469,산림,270.0,6.7,0.7,1
256,36.9613,128.15551,157.8786469,산림,270.0,6.7,0.7,1
257,36.9494,128.15103,212.0477905,산림,413.0,6.7,0.7,1
258,36.776624,128.17822,305.3981018,산림,366.0,6.3,1.0,1
259,36.754449,129.04949,348.769165,산림,46.0,6.1,0.2,1
260,36.829279,126.5315,81.64917755,산림,81.0,5.9,0.5,1
261,36.777711,126.61247,98.8976059,산림,157.0,6.0,0.9,1
262,38.209366,128.06111,347.7948303,산림,123.0,5.9,1.5,1
263,38.225199,127.98725,292.7923584,산림,54.0,5.8,0.9,1
264,38.20004,127.841,197.3865662,산림,2687.0,6.1,0.8,1
265,38.136688,127.62272,297.1090698,산림,120.0,5.7,0.7,1
266,38.34841,128.5072,10.70222187,평지,353.0,5.5,0.4,1
267,38.330579,128.46043,109.1472473,산림,683.0,5.5,0.4,1
268,36.909684,129.07708,433.7416077,산림,370.0,6.2,0.6,1
269,36.958837,129.11761,657.2971802,산림,624.0,6.2,1.0,1
270,36.928607,129.33112,203.567215,산림,1786.0,6.1,0.6,1
271,36.927755,129.35217,83.75868225,산림,995.0,6.1,0.6,1
272,36.935256,129.36196,123.9440842,산림,39.0,6.1,0.6,1
273,36.895839,129.39481,58.22647476,산림,181.0,5.6,0.5,1
274,36.914257,129.40168,94.41888428,산림,458.0,5.6,0.5,1
275,36.931226,129.23271,259.5584717,산림,299.0,6.2,1.0,1
276,36.928676,129.23269,260.4669189,산림,174.0,6.2,1.0,1
277,36.944845,129.18217,531.5617676,산림,530.0,6.2,1.0,1
278,36.952667,129.17558,666.130188,산림,904.0,6.2,1.0,1
279,36.777742,129.20003,436.6474304,산림,162.0,6.6,0.4,1
280,35.260062,127.85076,119.8721466,산림,252.0,5.9,0.5,1
281,35.258432,127.76992,279.4119873,산림,1913.0,5.9,0.5,1
282,36.829279,126.5315,81.64917755,산림,81.0,5.9,0.5,1
283,36.829533,126.55493,119.639946,산림,363.0,5.9,0.5,1
284,36.852764,126.56101,76.77310944,산림,1761.0,5.9,0.5,1
285,36.826357,126.42386,76.61253357,산림,148.0,5.8,1.0,1
286,35.268066,128.09796,47.8744278,평지,1330.0,6.2,1.6,1
287,35.29824,128.05925,138.7987518,산림,47.0,6.2,1.6,1
288,35.291443,128.029,92.12934875,산림,24.0,5.8,0.8,1
289,35.306067,128.00345,60.27037048,산림,115.0,6.1,0.8,1
290,36.829279,126.5315,81.64917755,산림,81.0,5.9,0.5,1
291,35.333554,128.10962,141.4094543,산림,637.0,6.2,0.7,1
292,35.342233,128.02978,52.18249512,산림,595.0,6.2,0.7,1
293,35.350674,128.02094,66.13707733,산림,655.0,6.2,0.7,1
294,35.350674,128.02094,66.13707733,산림,655.0,6.2,0.7,1
295,35.279722,127.84353,126.7747421,산림,11.0,5.9,0.5,1
296,35.279722,127.84353,126.7747421,산림,11.0,5.9,0.5,1
297,35.268676,127.84228,103.9149017,산림,114.0,5.9,0.5,1
298,35.268676,127.84228,103.9149017,산림,114.0,5.9,0.5,1
299,35.258432,127.76992,279.4119873,산림,1913.0,5.9,0.5,1
300,35.258432,127.76992,279.4119873,산림,1913.0,5.9,0.5,1
301,35.127696,128.53201,11.89338207,평지,279.0,5.7,0.2,1
302,35.216452,128.29138,61.1581459,산림,318.0,5.9,1.0,1
303,35.222747,128.34473,74.24674988,산림,115.0,5.9,1.1,1
304,35.428674,128.01825,135.2447357,산림,161.0,6.3,0.5,1
305,35.48905,128.09311,86.46096802,산림,406.0,6.0,0.7,1
306,35.493266,128.03659,349.8040466,산림,322.0,5.9,0.5,1
307,36.854428,126.96076,43.30775452,평지,139.0,6.1,1.2,1
308,36.858684,126.91608,52.62271881,산림,418.0,6.0,0.6,1
309,36.85291,127.65318,143.0145569,산림,190.0,5.7,0.2,1
310,36.85291,127.65318,143.0145569,산림,190.0,5.7,0.2,1
311,36.792106,127.68719,338.8294678,산림,2815.0,5.7,0.2,1
312,36.85291,127.65318,143.0145569,산림,190.0,5.7,0.2,1
313,36.85266,127.73751,215.2238312,산림,107.0,5.6,0.4,1
314,36.792106,127.68719,338.8294678,산림,2815.0,5.7,0.2,1
315,36.821046,127.69663,274.1057129,산림,185.0,5.7,0.2,1
316,36.835846,127.7002,225.9025421,산림,386.0,5.6,0.4,1
317,36.858864,127.70648,312.4809265,산림,496.0,5.6,0.4,1
318,36.909484,127.66484,196.4202271,산림,717.0,5.9,2.0,1
319,36.909484,127.66484,196.4202271,산림,717.0,5.9,2.0,1
320,35.430917,128.0667,111.2598419,산림,313.0,6.3,0.5,1
321,35.448769,128.10532,128.2412415,산림,1008.0,5.9,0.8,1
322,35.555902,128.0066,191.9731598,산림,463.0,5.9,0.5,1
323,35.61524,128.08966,297.4981384,산림,127.0,6.1,0.7,1
324,35.591707,128.04552,225.8227844,산림,92.0,5.6,0.3,1
325,35.609252,128.06681,298.9067688,산림,839.0,5.6,0.3,1
326,35.411462,127.73101,404.2900696,산림,337.0,5.6,0.8,1
327,35.411686,127.68641,270.0722351,산림,60.0,5.5,0.5,1
328,35.417659,127.725,252.7118073,산림,92.0,5.6,0.8,1
329,35.417659,127.725,252.7118073,산림,92.0,5.6,0.8,1
330,35.433773,127.73366,221.1565094,산림,552.0,5.6,0.8,1
331,36.966258,127.65782,288.7073975,산림,1433.0,5.9,1.3,1
332,35.441747,127.73974,235.0260773,산림,737.0,5.6,0.8,1
333,35.445935,127.69925,705.9716187,산림,225.0,5.6,0.8,1
334,35.477782,127.66239,392.8767395,산림,337.0,5.8,0.8,1
335,35.477782,127.66239,392.8767395,산림,337.0,5.8,0.8,1
336,35.477782,127.66239,392.8767395,산림,337.0,5.8,0.8,1
337,35.410924,128.07043,105.0979767,산림,517.0,5.9,0.8,1
338,35.400639,128.03942,84.01578522,산림,642.0,5.9,0.6,1
339,35.391041,128.02934,107.2632141,산림,11.0,5.9,0.6,1
340,35.441747,127.73974,235.0260773,산림,737.0,5.6,0.8,1
341,35.572451,128.05559,190.3455811,산림,148.0,5.6,0.3,1
342,36.801554,127.23188,87.28651428,산림,437.0,6.5,1.3,1
343,36.801554,127.23188,87.28651428,산림,437.0,6.5,1.3,1
344,36.801554,127.23188,87.28651428,산림,437.0,6.5,1.3,1
345,36.893716,127.0025,25.31272697,평지,303.0,6.1,1.2,1
346,36.893716,127.0025,25.31272697,평지,303.0,6.1,1.2,1
347,36.976319,127.1149,8.363185883,평지,158.0,6.1,1.5,1
348,36.976319,127.1149,8.363185883,평지,158.0,6.1,1.5,1
349,36.976319,127.1149,8.363185883,평지,158.0,6.1,1.5,1
350,36.976319,127.1149,8.363185883,평지,158.0,6.1,1.5,1
351,36.983256,127.08088,3.750003815,평지,367.0,6.1,1.5,1
352,36.983256,127.08088,3.750003815,평지,367.0,6.1,1.5,1
353,35.161501,128.23127,36.67343903,평지,127.0,5.8,0.6,1
354,35.138873,128.20634,54.24992371,산림,1502.0,6.0,1.4,1
355,36.756594,127.19218,93.03450012,산림,215.0,6.2,1.3,1
356,36.756594,127.19218,93.03450012,산림,215.0,6.2,1.3,1
357,36.756594,127.19218,93.03450012,산림,215.0,6.2,1.3,1
358,36.962729,128.02367,194.9567719,산림,1789.0,6.1,0.5,1
359,36.905646,127.70599,246.201889,산림,330.0,5.9,2.0,1
360,36.966258,127.65782,288.7073975,산림,1433.0,5.9,1.3,1
361,36.976232,127.65641,290.9179993,산림,376.0,5.9,1.3,1
362,36.878377,126.98762,24.47417068,평지,126.0,6.1,1.2,1
363,36.803678,127.56314,94.44387817,산림,220.0,5.9,0.3,1
364,36.76791,127.5576,61.87765503,산림,637.0,6.0,0.7,1
365,36.833856,127.59726,103.4280243,산림,156.0,5.9,0.3,1
366,36.856653,127.52613,104.0243912,산림,208.0,5.7,0.3,1
367,36.810005,127.52632,192.4029999,산림,2057.0,5.7,0.3,1
368,36.803678,127.56314,94.44387817,산림,220.0,5.9,0.3,1
369,36.833856,127.59726,103.4280243,산림,156.0,5.9,0.3,1
370,36.803678,127.56314,94.44387817,산림,220.0,5.9,0.3,1
371,36.767228,127.57913,78.65238953,산림,579.0,5.9,0.3,1
372,36.869772,127.59198,135.3111877,산림,1356.0,5.9,2.0,1
373,36.938489,128.00617,140.2881165,산림,1796.0,6.1,0.5,1
374,35.206684,128.23087,11.35235119,평지,281.0,5.8,1.0,1
375,35.577614,128.07943,169.4138489,산림,346.0,6.0,0.7,1
376,36.955877,127.59939,150.8211517,산림,140.0,5.8,2.6,1
377,36.93261,127.52099,68.28717041,산림,287.0,5.9,2.6,1
378,36.985806,127.61286,176.7931976,산림,1011.0,5.8,2.6,1
379,36.985806,127.61286,176.7931976,산림,1011.0,5.8,2.6,1
380,36.991364,127.54569,108.6386185,산림,152.0,5.8,2.6,1
381,36.905783,127.21683,35.7474556,평지,164.0,6.3,0.8,1
382,36.905783,127.21683,35.7474556,평지,164.0,6.3,0.8,1
383,36.923218,127.24349,46.65916061,평지,218.0,6.3,1.4,1
384,36.923218,127.24349,46.65916061,평지,218.0,6.3,1.4,1
385,36.914722,127.32335,182.9968414,산림,103.0,5.8,0.5,1
386,36.914722,127.32335,182.9968414,산림,103.0,5.8,0.5,1
387,36.955877,127.59939,150.8211517,산림,140.0,5.8,2.6,1
388,36.840672,127.85889,105.7003403,산림,58.0,5.8,0.5,1
389,36.823791,127.86256,177.1574249,산림,123.0,5.8,0.5,1
390,36.804705,127.85874,236.8550873,산림,58.0,5.7,0.3,1
391,36.840672,127.85889,105.7003403,산림,58.0,5.8,0.5,1
392,36.818286,127.76592,142.3634949,산림,413.0,5.7,0.3,1
393,36.848665,127.77546,179.0176544,산림,326.0,5.7,0.3,1
394,36.919876,127.36704,190.7803955,산림,534.0,5.8,0.5,1
395,37.645947,127.22355,101.0246811,산림,586.0,6.1,1.9,1
396,37.652672,127.23154,105.8145447,산림,201.0,6.1,1.9,1
397,37.652672,127.23154,105.8145447,산림,201.0,6.1,1.9,1
398,37.745079,127.1847,97.75238037,산림,119.0,6.1,1.8,1
399,36.774844,127.35852,146.1194,산림,739.0,6.0,1.6,1
400,37.636169,127.22385,98.12212372,산림,174.0,6.1,1.9,1
401,36.919876,127.36704,190.7803955,산림,534.0,5.8,0.5,1
402,35.536484,127.71562,217.1907959,산림,240.0,5.8,0.8,1
403,35.384096,127.87087,281.2531738,산림,288.0,6.1,0.7,1
404,35.385151,127.81946,399.872406,산림,386.0,6.0,1.0,1
405,35.385151,127.81946,399.872406,산림,386.0,6.0,1.0,1
406,35.481553,127.87004,150.1617432,산림,354.0,6.1,0.6,1
407,35.476914,127.82432,141.0818024,산림,126.0,6.0,0.6,1
408,35.483502,127.76524,229.71521,산림,216.0,5.6,0.8,1
409,35.413588,127.9678,356.2408142,산림,707.0,5.9,0.6,1
410,35.413588,127.9678,356.2408142,산림,707.0,5.9,0.6,1
411,35.402557,127.9487,381.2679138,산림,507.0,6.1,0.7,1
412,35.449534,127.94554,288.5932922,산림,448.0,5.8,0.4,1
413,35.435948,127.91716,342.0857544,산림,563.0,6.1,0.7,1
414,35.424005,127.91377,208.6708527,산림,68.0,6.1,0.7,1
415,35.486904,127.97002,773.3599854,산림,30.0,5.8,0.4,1
416,35.486904,127.97002,773.3599854,산림,30.0,5.8,0.4,1
417,35.473246,127.94521,484.7200928,산림,760.0,5.8,0.4,1
418,35.493089,127.89594,299.3793335,산림,600.0,6.1,0.6,1
419,35.493089,127.89594,299.3793335,산림,600.0,6.1,0.6,1
420,35.615214,128.09042,292.072113,산림,127.0,6.1,0.7,1
421,35.585753,127.7652,235.3279877,산림,64.0,6.0,1.1,1
422,35.559622,127.76481,176.0887299,산림,639.0,6.0,1.1,1
423,35.572336,127.79627,261.4016113,산림,1191.0,6.0,0.6,1
424,35.56364,127.86093,369.120697,산림,980.0,6.0,0.6,1
425,35.536484,127.71562,217.1907959,산림,240.0,5.8,0.8,1
426,35.512213,127.64293,407.7784729,산림,188.0,5.7,0.5,1
427,35.555434,127.72183,350.1556702,산림,68.0,5.7,0.6,1
428,35.555434,127.72183,350.1556702,산림,68.0,5.7,0.6,1
429,35.567782,127.63804,337.0513916,산림,136.0,5.7,0.5,1
430,35.536484,127.71562,217.1907959,산림,240.0,5.8,0.8,1
431,35.602212,127.64055,664.9298096,산림,1187.0,5.7,0.5,1
432,35.542621,127.91554,487.2258301,산림,803.0,5.7,0.2,1
433,35.546142,127.89488,449.0200806,산림,391.0,5.7,0.2,1
434,35.57797,127.88261,470.4094238,산림,268.0,5.7,0.2,1
435,35.57797,127.88261,470.4094238,산림,268.0,5.7,0.2,1
436,35.602072,127.95621,383.3428345,산림,121.0,5.7,0.2,1
437,35.534699,127.83606,226.1756744,산림,371.0,6.0,0.6,1
438,35.56364,127.86093,369.120697,산림,980.0,6.0,0.6,1
439,35.508805,127.943,442.2634583,산림,206.0,5.8,0.4,1
440,35.586378,128.4055,15.99522018,평지,130.0,5.5,1.0,1
441,35.190804,128.21084,79.83095551,산림,390.0,5.8,0.6,1
442,35.242981,128.19136,15.24625111,평지,188.0,6.0,1.9,1
443,36.798606,127.42572,140.9788818,산림,354.0,5.7,0.2,1
444,36.866823,127.38308,123.8168716,산림,202.0,5.8,0.5,1
445,36.866823,127.38308,123.8168716,산림,202.0,5.8,0.5,1
446,36.754244,127.00273,49.31827927,평지,160.0,6.0,0.8,1
447,36.754244,127.00273,49.31827927,평지,160.0,6.0,0.8,1
448,36.821971,127.03485,80.73453522,산림,482.0,6.1,0.8,1
449,36.821971,127.03485,80.73453522,산림,482.0,6.1,0.8,1
450,36.821971,127.03485,80.73453522,산림,482.0,6.1,0.8,1
451,36.774844,127.35852,146.1194,산림,739.0,6.0,1.6,1
452,36.774844,127.35852,146.1194,산림,739.0,6.0,1.6,1
453,36.764335,127.25392,62.86211014,산림,251.0,6.0,1.2,1
454,36.821972,127.33064,162.8532104,산림,157.0,6.0,3.8,1
455,36.819672,127.26993,104.485733,산림,131.0,6.0,1.2,1
456,36.819672,127.26993,104.485733,산림,131.0,6.0,1.2,1
457,35.136604,127.8253,99.53809357,산림,150.0,6.0,0.5,1
458,35.151623,127.81999,191.394516,산림,294.0,6.0,0.5,1
459,36.803012,127.45083,133.168457,산림,1454.0,5.7,0.2,1
460,36.803012,127.45083,133.168457,산림,1454.0,5.7,0.2,1
461,36.803012,127.45083,133.168457,산림,1454.0,5.7,0.2,1
462,35.111463,128.85443,22.2597847,평지,133.0,6.5,2.5,1
463,35.112899,128.75582,11.27472401,평지,199.0,6.2,1.2,1
464,35.165372,129.08864,165.3900757,산림,408.0,7.4,1.5,1
465,35.184291,127.85954,168.0041656,산림,60.0,5.9,0.9,1
466,35.222018,129.10638,58.72460556,산림,64.0,6.4,0.7,1
467,35.11484,128.98702,173.5533447,산림,357.0,5.8,2.2,1
468,35.11484,128.98702,173.5533447,산림,357.0,5.8,2.2,1
469,35.132013,128.89536,0.0,평지,80.0,6.5,2.5,1
470,35.132013,128.89536,0.0,평지,80.0,6.5,2.5,1
471,35.132013,128.89536,0.0,평지,80.0,6.5,2.5,1
472,35.246934,128.88429,136.0160522,산림,790.0,6.2,1.1,1
473,36.779901,127.39199,167.0274811,산림,557.0,6.0,1.6,1
474,35.111463,128.85443,22.2597847,평지,133.0,6.5,2.5,1
475,35.184291,127.85954,168.0041656,산림,60.0,5.9,0.9,1
476,35.202215,127.82352,193.249527,산림,1136.0,5.9,0.9,1
477,35.245976,127.88676,115.9015045,산림,291.0,5.9,0.9,1
478,35.278512,127.97498,60.82949829,산림,532.0,6.0,0.7,1
479,35.278512,127.97498,60.82949829,산림,532.0,6.0,0.7,1
480,35.323122,127.89805,187.2869263,산림,302.0,6.0,0.7,1
481,35.353016,127.99195,81.9387207,산림,311.0,6.1,0.8,1
482,35.352124,127.94,100.5551834,산림,125.0,6.1,0.8,1
483,35.352124,127.94,100.5551834,산림,125.0,6.1,0.8,1
484,35.345438,127.93945,84.32091522,산림,49.0,6.1,0.8,1
485,35.345438,127.93945,84.32091522,산림,49.0,6.1,0.8,1
486,35.345438,127.93945,84.32091522,산림,49.0,6.1,0.8,1
487,35.147399,128.35494,101.278244,산림,66.0,5.9,0.8,1
488,35.164076,128.30578,27.86131859,평지,102.0,5.9,0.8,1
489,35.140614,128.29237,65.70996094,산림,194.0,6.0,0.6,1
490,35.162838,128.28827,21.26455688,평지,168.0,6.0,0.6,1
491,35.192754,128.3227,60.25818253,산림,1007.0,5.9,0.8,1
492,35.190933,128.25819,9.71630764,평지,632.0,5.8,1.0,1
493,35.222747,128.34473,74.24674988,산림,115.0,5.9,1.1,1
494,35.245976,127.88676,115.9015045,산림,291.0,5.9,0.9,1
495,35.228906,127.93018,94.52680206,산림,40.0,6.0,0.8,1
496,35.202215,127.82352,193.249527,산림,1136.0,5.9,0.9,1
497,35.235322,127.82705,262.0705566,산림,42.0,5.9,0.5,1
498,35.236343,127.80059,204.0789795,산림,574.0,5.9,0.5,1
499,35.13547,128.11902,29.0,평지,261.0,5.8,0.8,1
500,35.142246,128.05396,40.13414383,평지,54.0,7.6,0.5,1
501,35.181525,128.05863,33.5634613,평지,696.0,6.0,1.2,1
502,35.18489,127.83131,152.2584534,산림,462.0,5.9,0.9,1
503,35.205601,128.01809,75.51616669,산림,226.0,5.8,0.8,1
504,35.240722,128.02807,45.07617188,평지,397.0,6.0,1.2,1
505,35.239354,128.01314,57.90215302,산림,967.0,6.0,1.2,1
506,35.239354,128.01314,57.90215302,산림,967.0,6.0,1.2,1
507,35.147753,127.99395,41.57195663,평지,14.0,6.2,0.5,1
508,35.132771,127.88869,150.0881958,산림,6.0,6.2,0.5,1
509,35.183331,127.94725,57.5253067,산림,365.0,6.0,0.8,1
510,35.199044,128.19425,119.2734833,산림,382.0,5.8,0.6,1
511,35.27902,128.43462,13.7887764,평지,28.0,5.8,0.6,1
512,35.327792,128.46248,18.37051773,평지,100.0,6.2,1.2,1
513,35.327792,128.46248,18.37051773,평지,100.0,6.2,1.2,1
514,35.290891,128.477,79.89431,산림,78.0,5.2,0.6,1
515,35.314849,128.44587,58.0,산림,495.0,5.8,0.6,1
516,35.34153,128.4907,9.62370491,평지,514.0,5.7,1.5,1
517,35.368425,128.37986,26.88243484,평지,453.0,5.4,0.7,1
518,38.151753,127.46409,435.9935303,산림,490.0,5.8,1.6,1
519,38.14931,127.3965,341.5369568,산림,1065.0,5.8,1.2,1
520,36.980484,127.99495,206.259903,산림,160.0,5.8,1.2,1
521,36.956001,127.98547,326.1271057,산림,1702.0,5.8,1.2,1
522,36.917013,127.88626,157.0618896,산림,426.0,6.0,0.8,1
523,36.956001,127.98547,326.1271057,산림,1702.0,6.2,0.8,1
524,36.980484,127.99495,206.259903,산림,160.0,6.2,0.8,1
525,36.991317,127.92309,83.49991608,산림,231.0,6.2,0.8,1
526,36.906701,127.94564,175.2346649,산림,249.0,6.1,0.5,1
527,35.282935,128.45078,69.15550995,산림,34.0,5.8,0.6,1
528,35.282935,128.45078,69.15550995,산림,34.0,5.8,0.6,1
529,35.258119,128.45356,36.38689804,평지,192.0,5.8,0.6,1
530,35.264733,128.55099,76.32569122,산림,60.0,5.8,0.2,1
531,35.264733,128.55099,76.32569122,산림,60.0,5.8,0.2,1
532,35.266933,128.5593,101.9212952,산림,409.0,5.8,0.2,1
533,35.312652,128.54976,87.63381958,산림,166.0,5.2,0.6,1
534,35.30054,128.5379,54.41524124,산림,81.0,5.2,0.6,1
535,36.929496,127.9565,190.5075073,산림,108.0,6.1,0.5,1
536,35.350681,128.54686,77.06990814,산림,781.0,5.8,0.9,1
537,35.176671,128.71799,143.4248352,산림,223.0,5.4,0.2,1
538,35.190096,128.73213,177.5661621,산림,267.0,5.4,0.2,1
539,35.222218,128.73268,165.4433289,산림,63.0,5.9,0.2,1
540,35.37008,128.51345,5.261163712,평지,567.0,5.8,0.9,1
541,35.034427,128.82677,72.78966522,산림,527.0,6.5,2.5,1
542,36.950972,127.96005,277.6707458,산림,81.0,6.2,0.8,1
543,36.760404,128.11518,304.6111145,산림,344.0,6.3,1.0,1
544,37.896237,127.13659,254.4380341,산림,235.0,6.5,0.6,1
545,37.998939,127.22916,75.79180145,산림,243.0,5.9,0.9,1
546,35.06641,129.06876,56.58211136,산림,685.0,6.1,0.8,1
547,35.06641,129.06876,56.58211136,산림,685.0,6.1,0.8,1
548,37.847725,126.85216,67.22238159,산림,286.0,6.0,0.8,1
549,37.847725,126.85216,67.22238159,산림,286.0,6.0,0.8,1
550,35.226559,128.80443,53.40254211,산림,135.0,6.0,0.7,1
551,35.144976,128.84544,3.598831415,평지,497.0,6.5,2.5,1
552,35.163542,128.81114,90.66984558,산림,378.0,6.2,1.1,1
553,35.174618,128.84633,36.15806198,평지,84.0,6.2,1.1,1
554,35.188439,128.77109,137.3205719,산림,2610.0,6.2,1.1,1
555,35.240475,128.83606,1.776734233,평지,280.0,6.0,0.7,1
556,35.226559,128.80443,53.40254211,산림,135.0,6.0,0.7,1
557,35.226559,128.80443,53.40254211,산림,135.0,6.0,0.7,1
558,35.034427,128.82677,72.78966522,산림,527.0,6.5,2.5,1
559,37.894868,127.18582,134.7811127,산림,332.0,5.9,0.7,1
560,36.969823,128.28759,247.5743408,산림,681.0,6.8,0.1,1
561,36.955116,128.2975,179.1899109,산림,241.0,6.8,0.1,1
562,36.840458,128.35576,495.8426208,산림,591.0,6.4,0.1,1
563,36.812762,128.04376,487.4789429,산림,640.0,5.9,0.3,1
564,36.851699,128.02502,328.6867371,산림,105.0,6.0,0.5,1
565,36.783755,127.94292,167.9979095,산림,216.0,5.9,0.3,1
566,36.776811,127.96213,197.129425,산림,221.0,5.9,0.3,1
567,36.809064,127.89589,294.7993469,산림,399.0,5.8,0.5,1
568,36.77922,127.99432,264.2042236,산림,108.0,5.9,0.3,1
569,36.851699,128.02502,328.6867371,산림,105.0,6.0,0.5,1
570,36.81382,127.94297,289.1625671,산림,278.0,5.9,0.5,1
571,36.845099,127.95492,162.7526855,산림,335.0,5.9,0.5,1
572,36.902248,127.85099,182.042038,산림,503.0,5.7,0.4,1
573,36.978733,127.8207,76.75511169,산림,369.0,6.0,0.8,1
574,36.804059,128.2542,474.5767517,산림,210.0,6.1,0.2,1
575,36.848923,128.35136,436.9920654,산림,2209.0,6.4,0.1,1
576,36.783755,127.94292,167.9906158,산림,216.0,5.9,0.3,1
577,35.586378,128.4055,15.99697304,평지,130.0,5.5,1.0,1
0,35.858086,128.820529,75.2512741088867,산림,229.0,6.1,0.8,1
1,35.857747,128.816215,67.0065689086914,산림,292.0,6.1,0.8,1
2,35.78927,128.487113,71.897819519043,산림,793.0,5.9,0.6,1
3,35.793594,128.49197,55.3162956237793,산림,168.0,5.9,0.6,1
4,36.743152,128.706847,210.108840942383,산림,142.0,6.0,0.3,1
5,35.795227,128.488469,44.7167816162109,평지,270.0,5.9,0.6,1
6,35.795088,128.488592,47.5754165649414,평지,270.0,5.9,0.6,1
7,36.447356,127.756281,149.136138916016,산림,504.0,5.9,0.3,1
8,35.790363,128.4869,56.044116973877,산림,793.0,5.9,0.6,1
9,35.756241,128.503748,130.342742919922,산림,199.0,6.2,3.2,1
10,35.756269,128.503781,130.621337890625,산림,199.0,6.2,3.2,1
11,35.756226,128.503776,130.661926269531,산림,199.0,6.2,3.2,1
12,35.795114,128.488396,46.2092399597168,평지,270.0,5.9,0.6,1
13,35.794636,128.488296,51.2724266052246,산림,270.0,5.9,0.6,1
14,35.709562,128.042564,388.755187988281,산림,256.0,5.8,0.5,1
15,36.74337,128.706714,213.895355224609,산림,708.0,6.0,0.3,1
16,36.194353,127.334107,234.079391479492,산림,627.0,5.8,0.3,1
17,36.195103,127.334611,228.997619628906,산림,627.0,5.8,0.3,1
18,36.194602,127.334109,233.55973815918,산림,627.0,5.8,0.3,1
19,36.225924,127.368349,184.606643676758,산림,407.0,6.1,0.7,1
20,35.92399,128.664708,135.909744262695,산림,198.0,5.8,0.8,1
21,36.000892,128.426073,34.8733520507813,평지,239.0,6.4,2.7,1
22,36.225913,127.368412,184.314056396484,산림,407.0,6.1,0.7,1
23,35.917526,128.516694,74.7022476196289,산림,435.0,6.0,2.0,1
24,35.917783,128.517243,92.7709884643555,산림,435.0,6.0,2.0,1
25,35.308311,129.066317,134.416839599609,산림,75.0,5.8,0.5,1
26,35.795169,128.488233,46.6145782470703,평지,270.0,5.9,0.6,1
27,36.796467,126.254223,14.1870718002319,평지,75.0,6.1,0.6,1
28,35.795083,128.48828,47.4093704223633,평지,270.0,5.9,0.6,1
29,35.794775,128.488339,49.7078475952148,평지,270.0,5.9,0.6,1
30,35.789656,128.487382,60.3017234802246,산림,793.0,5.9,0.6,1
31,35.787099,128.489485,104.654815673828,산림,793.0,5.9,0.6,1
32,35.787099,128.489485,104.654815673828,산림,793.0,5.9,0.6,1
33,35.787099,128.489485,104.654815673828,산림,793.0,5.9,0.6,1
34,36.195368,127.337787,232.85107421875,산림,627.0,5.8,0.3,1
35,35.790399,128.486939,55.9629669189453,산림,70.0,5.9,0.6,1
36,35.794581,128.488433,51.8648223876953,산림,270.0,5.9,0.6,1
37,35.794873,128.48846,48.1891136169434,평지,270.0,5.9,0.6,1
38,35.790125,128.487097,57.9250946044922,산림,793.0,5.9,0.6,1
39,35.794738,128.488433,48.9943084716797,평지,270.0,5.9,0.6,1
40,35.789064,128.488026,65.8922958374023,산림,793.0,5.9,0.6,1
41,35.794745,128.48849,50.4484214782715,산림,270.0,5.9,0.6,1
42,35.787099,128.489485,104.654815673828,산림,793.0,5.9,0.6,1
43,35.787099,128.489485,104.654815673828,산림,793.0,5.9,0.6,1
44,35.787099,128.489485,104.654815673828,산림,793.0,5.9,0.6,1
45,35.787099,128.489485,104.654815673828,산림,793.0,5.9,0.6,1
46,36.793744,126.256624,26.5663967132568,평지,487.0,6.1,0.6,1
47,35.784457,128.48842,92.9450073242188,산림,793.0,5.9,0.6,1
48,35.784457,128.48842,92.9450073242188,산림,793.0,5.9,0.6,1
49,35.785014,128.489192,126.878402709961,산림,793.0,5.9,0.6,1
50,35.784457,128.48842,92.9450073242188,산림,793.0,5.9,0.6,1
51,35.784457,128.48842,92.9450073242188,산림,793.0,5.9,0.6,1
52,35.784457,128.48842,92.9450073242188,산림,793.0,5.9,0.6,1
53,35.784457,128.48842,92.9450073242188,산림,793.0,5.9,0.6,1
54,35.787484,128.487743,84.3597793579102,산림,793.0,5.9,0.6,1
55,35.802976,128.499835,28.765645980835,평지,60.0,5.9,0.6,1
56,35.784457,128.48842,92.9450073242188,산림,793.0,5.9,0.6,1
57,35.784457,128.48842,92.9450073242188,산림,793.0,5.9,0.6,1
58,36.616701,127.449852,57.2581634521484,산림,76.0,6.0,0.6,1
59,36.613878,127.461822,108.185859680176,산림,31.0,6.0,0.6,1
60,36.616412,127.449863,57.0075607299805,산림,37.0,6.0,0.6,1
61,36.748941,127.838607,137.968505859375,산림,296.0,6.0,0.3,1
62,35.600281,127.913318,588.286499023438,산림,404.0,5.7,0.2,1
63,36.615671,127.467539,93.0780410766602,산림,77.0,6.0,0.6,1
64,35.932399,127.206546,91.1927337646484,산림,47.0,6.0,0.4,1
65,36.616531,127.44962,56.9739952087402,산림,37.0,6.0,0.6,1
66,35.679687,127.888866,267.446258544922,산림,547.0,10.5,0.9,1
67,37.258323,128.480967,461.529693603516,산림,325.0,7.0,0.7,1
68,37.259086,128.479784,433.369384765625,산림,325.0,7.0,0.7,1
69,37.259167,128.48,434.428283691406,산림,325.0,7.0,0.7,1
70,37.258743,128.480284,443.679992675781,산림,325.0,7.0,0.7,1
71,37.258702,128.479883,445.12646484375,산림,325.0,7.0,0.7,1
72,35.868521,127.840341,1010.517578125,산림,2031.0,5.9,0.5,1
73,36.654028,127.040521,308.032318115234,산림,622.0,5.6,0.7,1
74,36.613765,127.46856,72.4622268676758,산림,33.0,6.0,0.6,1
75,36.615928,127.467547,96.7717361450195,산림,77.0,6.0,0.6,1
76,36.615911,127.467514,96.7613296508789,산림,77.0,6.0,0.6,1
77,36.616474,127.468208,97.325065612793,산림,64.0,6.0,0.6,1
78,36.615797,127.467596,94.555908203125,산림,77.0,6.0,0.6,1
79,37.199987,127.391673,108.850593566895,산림,119.0,6.3,1.6,1
80,36.796101,127.20842,485.483337402344,산림,185.0,6.2,1.3,1
81,36.646053,127.330089,53.2847442626953,산림,310.0,6.4,3.2,1
82,37.258333,128.479722,463.660980224609,산림,325.0,7.0,0.7,1
83,36.794145,127.225463,131.245162963867,산림,3433.0,6.2,1.3,1
84,36.794144,127.225464,131.245162963867,산림,3433.0,6.2,1.3,1
85,35.446389,128.971111,294.544738769531,산림,1484.0,5.6,0.4,1
86,37.258611,128.479722,449.60888671875,산림,325.0,7.0,0.7,1
87,35.598391,127.919574,683.879943847656,산림,506.0,5.8,0.3,1
88,37.259433,128.479336,418.977386474609,산림,325.0,7.0,0.7,1
89,36.501253,128.274022,55.7834396362305,산림,208.0,6.0,0.4,1
90,36.50077,128.275567,56.0458526611328,산림,302.0,6.0,0.4,1
91,36.459167,128.161667,87.2780227661133,산림,41.0,6.0,0.4,1
92,36.221727,127.342263,149.301330566406,산림,108.0,5.8,0.3,1
93,36.04,128.718611,366.177947998047,산림,720.0,6.5,0.6,1
94,36.040278,128.719167,366.041442871094,산림,720.0,6.5,0.6,1
95,36.04,128.718611,366.177947998047,산림,720.0,6.6,1.2,1
96,36.04,128.718611,366.177947998047,산림,720.0,6.6,1.2,1
97,36.04,128.718611,366.177947998047,산림,720.0,6.6,1.2,1
98,36.04,128.719167,368.707916259766,산림,720.0,6.6,1.2,1
99,36.615833,127.4675,95.6661224365234,산림,77.0,6.0,0.6,1
100,37.264272,128.474792,321.660491943359,산림,692.0,7.0,0.7,1
101,37.19649,129.320034,80.3716049194336,산림,291.0,5.9,0.3,1
102,37.196944,129.32,85.0901947021484,산림,256.0,5.9,0.3,1
103,37.194444,129.326111,54.347354888916,산림,552.0,5.9,0.3,1
104,37.196667,129.32,82.3376846313477,산림,256.0,5.9,0.3,1
105,36.399065,129.161682,336.585144042969,산림,1773.0,5.9,0.6,1
106,37.194444,129.326111,54.347354888916,산림,552.0,5.9,0.3,1
107,37.196111,129.32,76.9385757446289,산림,291.0,5.9,0.3,1
108,36.615839,127.467599,95.1298599243164,산림,77.0,6.0,0.6,1
109,36.615813,127.4676,94.6993942260742,산림,77.0,6.0,0.6,1
110,36.961652,128.33244,159.137252807617,산림,72.0,6.8,0.1,1
111,37.2625,128.476389,347.801452636719,산림,692.0,7.0,0.7,1
112,37.04213,128.264879,228.766540527344,산림,166.0,7.8,1.0,1
113,37.096833,128.404643,240.581771850586,산림,75.0,6.9,0.4,1
114,37.262229,128.476366,349.069366455078,산림,692.0,7.0,0.7,1
115,37.041848,128.267661,207.900375366211,산림,671.0,7.8,1.0,1
116,37.258863,128.480228,441.633605957031,산림,325.0,7.0,0.7,1
117,37.258368,128.480383,458.032073974609,산림,325.0,7.0,0.7,1
118,36.616018,127.463847,114.042510986328,산림,34.0,6.0,0.6,1
119,36.615833,127.466944,107.610511779785,산림,422.0,6.0,0.6,1
120,36.616111,127.4675,99.5175247192383,산림,77.0,6.0,0.6,1
121,36.614722,127.4675,80.4559326171875,산림,117.0,6.0,0.6,1
122,36.615556,127.469167,82.1233673095703,산림,117.0,6.0,0.6,1
123,36.616111,127.4675,99.5175247192383,산림,77.0,6.0,0.6,1
124,36.616389,127.470556,78.0063552856445,산림,83.0,6.0,0.6,1
125,36.616024,127.466292,117.230171203613,산림,422.0,6.0,0.6,1
126,36.716946,126.617775,206.292602539063,산림,431.0,5.9,0.4,1
0,36.6751,126.39601,30.86691284,평지,89.0,6.4,1.4,0
1,37.684412,126.711707,7.950007439,평지,177.0,6.6,2.5,0
2,34.213445,126.603084,46.21954727,평지,233.0,5.9,0.5,0
3,36.028128,128.848324,117.4330978,산림,55.0,6.5,0.6,0
4,35.95887,127.941049,344.8257751,산림,92.0,6.3,1.2,0
5,37.256322,126.934699,187.8312836,산림,462.0,5.5,1.6,0
6,37.786158,127.232819,155.4931183,산림,33.0,5.7,0.5,0
7,35.049738,127.366048,258.4317627,산림,524.0,5.7,0.3,0
8,36.950791,127.011991,16.75972557,평지,235.0,6.0,0.9,0
9,37.486753,126.834413,66.11521149,산림,82.0,6.7,2.0,0
10,36.236244,127.603791,178.3580322,산림,206.0,5.7,0.4,0
11,34.983325,128.269256,85.66382599,산림,421.0,5.8,0.8,0
12,36.899427,126.310022,12.15001392,평지,38.0,6.4,0.9,0
13,36.954501,126.481066,2.655232191,평지,279.0,6.2,1.6,0
14,36.585604,128.41046,88.32855988,산림,177.0,6.2,0.9,0
15,34.861153,126.053258,9.829258919,평지,49.0,6.3,6.8,0
16,37.216688,128.492344,417.3489685,산림,1108.0,6.6,0.5,0
17,35.345385,128.304174,23.48931503,평지,211.0,8.1,1.1,0
18,36.264224,127.290596,94.2257843,산림,367.0,5.9,0.7,0
19,35.51535,127.236808,272.8249817,산림,1059.0,5.8,0.4,0
20,36.260262,129.230512,387.6899414,산림,274.0,6.1,1.0,0
21,37.235304,126.596709,5.894752502,평지,50.0,6.1,2.4,0
22,35.979628,126.969063,6.217095852,평지,195.0,5.6,0.7,0
23,35.655771,128.962047,208.3839569,산림,47.0,5.5,0.4,0
24,36.681129,127.465194,42.91572571,평지,271.0,6.5,1.6,0
25,34.911826,128.118201,22.04110718,평지,553.0,5.8,0.4,0
26,35.994724,128.275263,85.37454987,산림,382.0,6.9,2.3,0
27,36.989216,127.815137,119.6399612,산림,247.0,6.0,0.8,0
28,35.917085,126.690183,7.58717823,평지,239.0,6.1,1.0,0
29,35.104947,126.538795,160.2823792,산림,1315.0,6.1,0.9,0
30,37.524232,126.914997,8.053922653,평지,462.0,7.0,0.8,0
31,35.240006,126.531015,46.26569748,평지,449.0,5.9,0.4,0
32,35.145436,126.432186,14.66692257,평지,174.0,6.3,1.2,0
33,36.596846,126.340435,25.91774559,평지,174.0,6.4,2.0,0
34,36.748921,127.437914,112.5871964,산림,550.0,6.5,1.6,0
35,33.265546,126.465805,175.958374,산림,47.0,6.4,2.0,0
36,36.432108,126.657155,144.7817841,산림,327.0,5.8,0.6,0
37,37.751761,127.859131,206.6623688,산림,129.0,5.8,0.6,0
38,34.569997,126.243035,15.23899364,평지,87.0,6.4,1.4,0
39,36.437816,128.229898,47.71882248,평지,352.0,6.4,1.4,0
40,36.419067,129.402674,167.6887207,산림,1417.0,6.0,0.4,0
41,36.919395,128.012161,137.167099,산림,765.0,6.1,0.5,0
42,34.768104,126.99255,181.3414459,산림,468.0,5.9,0.2,0
43,35.697213,128.976961,161.7771606,산림,18.0,5.5,0.4,0
44,36.284085,127.151204,35.30969238,평지,298.0,6.0,0.9,0
45,37.049889,128.220078,456.5942993,산림,1123.0,6.5,0.5,0
46,37.213345,126.857614,62.9140358,산림,105.0,6.0,1.9,0
47,37.158773,127.414907,232.6170197,산림,155.0,5.9,0.6,0
48,35.827979,129.192155,34.19994354,평지,107.0,5.9,0.6,0
49,36.785894,127.022708,16.9230938,평지,141.0,5.9,0.6,0
50,36.223361,127.030083,6.911836147,평지,550.0,5.8,1.3,0
51,34.520024,126.588968,18.8643055,평지,367.0,6.0,0.7,0
52,37.926018,127.17771,148.7915649,산림,60.0,5.9,0.7,0
53,35.781712,127.610995,461.2373047,산림,239.0,5.9,0.6,0
54,36.849776,127.062597,104.6399307,산림,13.0,6.0,0.9,0
55,37.977289,126.913868,25.40518379,평지,96.0,6.2,1.4,0
56,35.782861,128.356874,47.00016403,평지,371.0,6.2,1.3,0
57,35.225068,128.043249,27.41653252,평지,49.0,5.8,0.8,0
58,36.235868,127.633476,121.9878006,산림,9.0,5.7,0.4,0
59,34.79009,127.349398,1.749979019,평지,248.0,6.3,1.0,0
60,35.453514,127.598392,447.4077759,산림,245.0,5.5,1.4,0
61,36.915495,127.31822,199.7607422,산림,120.0,5.8,0.5,0
62,36.621547,128.160914,129.0343018,산림,293.0,5.8,0.5,0
63,35.698272,126.714063,9.702819824,평지,140.0,6.0,0.5,0
64,35.330567,127.227501,67.25,산림,213.0,5.8,1.6,0
65,35.128282,128.49131,153.5377502,산림,905.0,5.7,0.3,0
66,37.063236,127.064393,42.40712738,평지,133.0,5.8,1.6,0
67,36.524848,129.403628,58.07383347,산림,636.0,5.9,0.4,0
68,36.23477,127.834884,129.1019287,산림,514.0,6.0,0.4,0
69,35.029323,127.88771,16.48154831,평지,227.0,6.3,0.8,0
70,36.566197,126.739635,90.55890656,산림,99.0,6.3,0.8,0
71,34.364768,126.545344,39.67918777,평지,212.0,6.3,0.6,0
72,34.854263,127.819981,46.56723022,평지,116.0,5.9,0.6,0
73,35.235811,128.449008,226.4076538,산림,1045.0,6.0,0.6,0
74,36.757629,128.447259,179.8213348,산림,325.0,6.5,0.2,0
75,36.469049,127.546434,183.614624,산림,3589.0,6.2,0.7,0
76,37.709919,126.587225,26.43951416,평지,267.0,6.3,1.0,0
77,35.249757,129.087605,56.99841309,산림,99.0,6.4,0.7,0
78,35.72942,127.976272,395.1463623,산림,706.0,5.8,0.5,0
79,35.358203,126.770075,95.1313324,산림,880.0,5.9,0.3,0
80,33.429224,126.487506,469.9578857,산림,1434.0,5.9,0.3,0
81,36.668858,127.894969,326.1210022,산림,982.0,5.6,0.5,0
82,34.559093,126.270522,2.0,평지,385.0,6.4,1.4,0
83,36.377637,127.957749,253.2285461,산림,84.0,7.2,1.3,0
84,34.759929,126.473735,11.44895267,평지,23.0,6.2,1.2,0
85,35.675837,128.894922,106.3834076,산림,51.0,5.6,0.2,0
86,35.857748,128.484973,68.20220947,산림,217.0,5.3,0.3,0
87,37.699183,128.193688,317.243103,산림,412.0,5.8,1.2,0
88,37.86496,127.007489,85.97727203,산림,68.0,6.5,1.9,0
89,35.868479,127.38054,346.6857605,산림,266.0,5.7,0.6,0
90,36.747731,127.098912,33.05399323,평지,58.0,6.1,1.4,0
91,37.249759,126.725833,4.247344017,평지,1246.0,6.2,1.8,0
92,35.129436,128.091103,17.03713799,평지,166.0,5.8,0.8,0
93,35.710926,129.075308,308.9743042,산림,135.0,5.6,0.7,0
94,36.914829,128.797304,286.9638367,산림,268.0,6.0,0.2,0
95,37.412178,127.145705,62.31979752,산림,58.0,6.4,1.3,0
96,37.805073,126.431705,12.00784206,평지,160.0,5.8,0.9,0
97,36.350544,128.85657,354.683197,산림,910.0,6.5,0.4,0
98,35.83774,129.440938,128.6782837,산림,67.0,5.8,0.6,0
99,35.776134,128.141368,324.8498535,산림,28.0,6.9,0.8,0
100,36.265426,128.15072,134.8935394,산림,159.0,6.3,0.8,0
101,36.174198,126.891002,21.75487709,평지,112.0,5.2,0.9,0
102,35.149123,127.708817,21.93543243,평지,205.0,5.8,0.4,0
103,36.065818,126.896883,118.7262268,산림,1116.0,5.6,0.7,0
104,36.71042,127.622812,251.1947479,산림,677.0,5.9,0.3,0
105,37.433766,127.241239,78.1647644,산림,60.0,5.9,0.3,0
106,36.669654,127.868789,228.4021912,산림,84.0,5.6,0.5,0
107,35.768482,126.703339,4.0,평지,397.0,6.1,1.0,0
108,36.346815,128.437146,50.36333084,산림,542.0,6.3,0.3,0
109,36.2519,128.96213,300.2992249,산림,12.0,5.8,0.5,0
110,37.46219,126.900168,26.17157936,평지,99.0,7.4,2.1,0
111,35.160382,127.550679,104.1031952,산림,33.0,5.6,0.5,0
112,36.403108,127.097678,67.39177704,산림,143.0,5.6,0.5,0
113,36.894774,128.238842,304.2147217,산림,467.0,6.7,0.7,0
114,34.921827,126.527101,9.123425484,평지,118.0,6.7,0.7,0
115,36.514576,126.712627,80.94152832,산림,267.0,6.2,1.7,0
116,37.007217,127.362121,80.62850952,산림,258.0,5.7,0.7,0
117,35.628872,126.947401,17.38435364,평지,327.0,6.0,0.5,0
118,37.005412,126.911172,11.13178349,평지,28.0,6.1,1.2,0
119,36.936128,128.941924,400.4075623,산림,96.0,6.0,0.7,0
120,37.679153,127.867792,185.9799652,산림,351.0,5.8,0.4,0
121,36.50291,128.101006,170.2585144,산림,27.0,6.3,0.9,0
122,37.236774,126.92059,37.35923767,평지,579.0,4.4,1.0,0
123,34.730469,126.508912,10.20597744,평지,101.0,6.2,1.2,0
124,36.182796,128.129633,73.02179718,산림,150.0,6.2,1.1,0
125,36.095224,127.425345,356.4229126,산림,1072.0,5.6,0.4,0
126,37.435421,129.164924,11.50119495,평지,19.0,5.6,0.4,0
127,37.23623,128.345725,285.4155884,산림,1004.0,7.1,0.8,0
128,34.936391,127.249477,203.2890625,산림,106.0,5.6,0.4,0
129,35.590181,127.631788,442.3526306,산림,295.0,5.7,0.5,0
130,36.948591,128.311765,320.5847778,산림,490.0,6.8,0.1,0
131,36.234425,126.723547,155.3760529,산림,459.0,5.7,1.0,0
132,36.057762,126.663656,23.0528183,평지,21.0,5.9,0.5,0
133,35.138603,126.89128,39.94701385,평지,50.0,5.5,68.5,0
134,36.857685,126.444363,65.05384827,산림,225.0,6.2,1.2,0
135,35.514009,128.007839,437.7042236,산림,467.0,5.9,0.5,0
136,35.273492,128.007572,138.2205963,산림,316.0,5.8,0.8,0
137,37.107812,127.916773,233.6000061,산림,363.0,6.2,0.7,0
138,35.540766,128.386097,88.35995483,산림,73.0,5.5,1.0,0
139,36.654105,126.797237,94.52792358,산림,70.0,6.1,0.6,0
140,34.783418,126.296174,18.02278328,평지,897.0,6.0,0.3,0
141,36.698538,127.40202,73.02558136,산림,134.0,6.1,1.4,0
142,35.307403,126.551067,15.14291573,평지,273.0,6.0,0.5,0
143,35.932948,128.157352,328.6024475,산림,715.0,6.6,0.9,0
144,37.865716,128.756084,287.5634155,산림,1076.0,5.7,0.9,0
145,36.280486,128.478791,100.742485,산림,796.0,6.2,0.2,0
146,36.376887,128.362775,106.2432861,산림,285.0,6.3,0.5,0
147,36.290646,127.350118,125.8924484,산림,779.0,5.8,0.3,0
148,35.024168,127.50016,71.18094635,산림,87.0,5.4,0.4,0
149,36.296548,129.143577,378.7236938,산림,296.0,5.8,0.5,0
150,36.844951,127.666726,142.254837,산림,66.0,5.7,0.2,0
151,36.921015,127.334834,232.9537659,산림,217.0,5.8,0.5,0
152,34.734628,126.018017,14.48374557,평지,195.0,6.3,1.4,0
153,35.781529,128.700968,226.8032837,산림,1634.0,5.7,1.0,0
154,37.942104,127.168445,257.5514526,산림,779.0,5.9,0.7,0
155,36.345427,128.420162,64.15467072,산림,321.0,6.3,0.3,0
156,37.788816,126.452725,4.743670464,평지,207.0,6.0,1.0,0
157,37.720206,126.942755,88.76695251,산림,79.0,6.3,0.9,0
158,34.842037,126.599908,10.69916248,평지,181.0,6.6,0.9,0
159,36.302564,128.083513,86.92577362,산림,527.0,6.3,0.9,0
160,37.052832,127.839403,148.5732422,산림,544.0,6.0,0.6,0
161,36.300593,126.843986,46.75719833,평지,196.0,5.7,1.2,0
162,37.728947,126.541615,30.79660416,평지,296.0,6.1,1.5,0
163,36.863991,127.213274,110.6071014,산림,164.0,6.1,0.9,0
164,35.765968,126.973332,9.978826523,평지,159.0,5.8,0.7,0
165,37.491793,128.019768,137.7375641,산림,213.0,5.8,0.6,0
166,36.903337,126.976381,7.281373978,평지,150.0,6.1,1.2,0
167,37.621284,127.665306,169.0801392,산림,287.0,5.8,0.5,0
168,37.180872,126.789637,8.445429802,평지,143.0,5.9,1.4,0
169,36.003422,128.793334,140.6873932,산림,91.0,6.1,0.6,0
170,34.821791,126.433989,3.26906085,평지,394.0,6.0,0.3,0
171,35.781251,129.280526,73.73322296,산림,194.0,6.0,0.9,0
172,35.162425,128.309371,30.25517654,평지,141.0,5.9,0.8,0
173,37.677133,126.691828,6.479284286,평지,474.0,6.6,2.5,0
174,34.573684,126.444715,34.82434464,평지,2391.0,6.8,1.8,0
175,36.539559,127.911831,342.9270935,산림,177.0,6.3,1.1,0
176,35.929545,127.108165,17.86016083,평지,315.0,5.8,0.4,0
177,35.85515,127.654203,438.8227844,산림,222.0,6.0,0.5,0
178,36.585587,128.437496,94.98799896,산림,172.0,6.1,1.8,0
179,35.60886,128.113248,139.6824646,산림,148.0,6.1,0.7,0
180,33.39606,126.791671,170.0630188,산림,100.0,5.2,0.7,0
181,36.375696,127.797601,146.7831421,산림,124.0,5.9,0.7,0
182,36.724111,129.214939,454.5574341,산림,95.0,6.6,0.4,0
183,35.649873,128.609156,99.46101379,산림,13.0,5.8,0.5,0
184,35.179433,126.996511,101.4335327,산림,103.0,5.9,0.4,0
185,37.07849,128.190885,202.8616943,산림,262.0,6.5,0.5,0
186,35.722572,126.752665,9.073494911,평지,172.0,5.9,0.8,0
187,37.299096,127.447505,57.63701248,산림,116.0,6.5,0.5,0
188,36.87253,128.081957,233.3267365,산림,1082.0,6.1,0.1,0
189,36.665368,127.666214,305.5795288,산림,377.0,5.7,0.6,0
190,36.005434,127.641053,193.9109192,산림,77.0,6.0,0.6,0
191,36.714269,126.966972,148.8390656,산림,524.0,6.0,0.9,0
192,33.280355,126.41527,272.9897156,산림,414.0,5.3,1.2,0
193,35.066508,126.473216,11.2669878,평지,324.0,5.9,0.7,0
194,35.183079,129.116123,6.021326065,평지,39.0,6.8,0.8,0
195,35.344329,128.504367,14.44738007,평지,77.0,5.7,1.5,0
196,37.181519,128.264396,258.1749268,산림,282.0,6.5,0.3,0
197,34.572831,126.916018,29.18223953,평지,25.0,6.0,0.4,0
198,37.382783,128.139596,424.177948,산림,289.0,5.6,1.2,0
199,37.842431,127.609457,75.55799103,산림,107.0,5.9,1.3,0
200,37.540717,127.050557,11.30743122,평지,119.0,7.5,1.7,0
201,34.726123,126.547381,38.40512466,평지,643.0,6.2,1.2,0
202,36.853359,126.744201,15.85940647,평지,29.0,6.0,0.6,0
203,36.299801,128.34273,44.43891525,평지,52.0,6.1,0.6,0
204,37.548604,128.455074,554.0200195,산림,205.0,5.9,2.6,0
205,35.978687,127.555806,222.1749268,산림,743.0,5.8,0.4,0
206,34.971954,128.519922,53.32807541,산림,187.0,5.6,0.7,0
207,36.882916,126.926225,5.5887146,평지,646.0,6.0,0.6,0
208,37.553992,127.027621,99.12106323,산림,216.0,7.5,1.7,0
209,34.647838,126.809643,10.72684765,평지,215.0,6.1,0.3,0
210,36.743384,128.124636,206.8152161,산림,233.0,6.3,1.0,0
211,37.602442,127.751502,173.0299988,산림,286.0,5.9,0.8,0
212,34.864523,127.28615,89.56393433,산림,14.0,5.8,0.8,0
213,36.006464,126.850088,89.75532532,산림,161.0,6.0,0.7,0
214,36.833898,126.706065,27.21218109,평지,82.0,6.0,0.6,0
215,37.688225,127.718752,133.9552155,산림,312.0,5.8,0.5,0
216,37.774694,127.167847,140.937973,산림,53.0,5.9,0.8,0
217,35.510985,127.41882,193.5507355,산림,131.0,6.0,7.4,0
218,35.162125,126.39318,43.32543945,평지,981.0,6.3,1.2,0
219,37.447568,128.062328,229.5380859,산림,752.0,5.9,0.6,0
220,36.533323,128.243603,51.72067642,산림,332.0,6.1,0.2,0
221,36.342498,127.325872,105.8670807,산림,104.0,5.8,0.7,0
222,35.435586,127.328093,105.4096451,산림,513.0,5.8,0.6,0
223,35.591828,128.003105,301.1791382,산림,311.0,5.6,0.3,0
224,36.190636,127.709566,117.5720062,산림,191.0,6.0,0.6,0
225,35.680836,126.930636,14.84831715,평지,191.0,6.0,0.5,0
226,34.720136,126.596783,24.67353821,평지,21.0,6.0,1.0,0
227,34.455649,126.228971,42.63235855,평지,220.0,6.5,1.3,0
228,37.094319,127.503197,77.11421967,산림,213.0,6.1,1.1,0
229,35.530623,128.389554,12.07815361,평지,136.0,5.5,1.0,0
230,35.316715,127.296921,57.42030716,산림,30.0,6.5,0.9,0
231,37.092519,126.995055,8.589382172,평지,201.0,6.0,1.4,0
232,35.49965,126.607887,8.810878754,평지,390.0,6.0,1.2,0
233,33.479432,126.678915,268.3735046,산림,264.0,5.3,1.3,0
234,35.739021,126.768579,7.839077473,평지,172.0,5.9,0.6,0
235,37.17092,128.175105,354.3764038,산림,203.0,6.2,0.2,0
236,34.47939,126.909326,60.00330353,산림,225.0,6.2,0.5,0
237,34.762895,127.308576,40.79922485,평지,56.0,6.0,1.4,0
238,33.441153,126.278432,3.855373144,평지,94.0,5.6,16.2,0
239,35.600284,127.765595,371.8918457,산림,282.0,6.0,1.1,0
240,36.33566,127.430103,53.23574829,산림,103.0,6.0,0.6,0
241,34.860112,126.574638,4.548488617,평지,82.0,6.6,0.9,0
242,35.236474,128.003118,74.67172241,산림,297.0,5.8,0.8,0
243,35.738849,129.18719,106.0308762,산림,46.0,5.9,0.8,0
244,35.716002,127.590931,410.6802979,산림,412.0,6.2,0.5,0
245,35.478931,127.187342,143.9042358,산림,556.0,5.8,0.9,0
246,35.188821,127.398078,39.43682098,평지,600.0,5.7,0.3,0
247,35.571749,127.368908,134.6697388,산림,319.0,6.4,0.9,0
248,34.975287,126.799256,48.71708679,평지,151.0,6.0,0.6,0
249,35.35254,126.641729,56.12840652,산림,138.0,6.0,0.8,0
250,34.517756,126.365027,23.57188988,평지,645.0,5.9,0.5,0
251,36.320269,126.715915,150.6091614,산림,399.0,5.8,0.5,0
252,35.360424,127.43678,444.0358887,산림,1837.0,5.5,0.4,0
253,35.554059,129.280881,5.810475826,평지,147.0,5.9,0.9,0
254,37.966392,127.746903,143.6602478,산림,209.0,6.2,1.8,0
255,37.423945,127.126103,25.54357147,평지,92.0,6.4,2.6,0
256,35.994097,128.430044,34.43761063,평지,149.0,6.4,2.7,0
257,37.225527,127.253107,104.705307,산림,98.0,5.8,0.5,0
258,37.278011,127.042996,47.18437195,평지,128.0,4.9,0.4,0
259,34.694167,126.866591,89.29611206,산림,310.0,5.9,0.2,0
260,35.171097,126.683216,26.62688065,평지,528.0,5.9,0.2,0
261,35.728994,127.041718,109.0319366,산림,178.0,5.6,0.6,0
262,33.461644,126.621233,347.0604248,산림,352.0,5.5,32.9,0
263,36.567074,127.326671,46.94267273,평지,238.0,6.1,1.1,0
264,34.704732,127.126281,4.362204552,평지,273.0,5.8,1.1,0
265,36.8562,128.536175,186.5344849,산림,946.0,6.2,0.2,0
266,35.142037,128.274612,41.43055725,평지,238.0,6.0,0.6,0
267,37.587281,128.199351,289.409668,산림,617.0,5.9,0.4,0
268,37.564335,127.466105,238.1877441,산림,214.0,6.2,0.8,0
269,35.055546,128.202369,61.65316391,산림,231.0,5.7,0.1,0
270,36.544607,128.389714,84.34801483,산림,967.0,6.2,0.9,0
271,36.794595,126.502971,30.8570118,평지,124.0,6.0,1.0,0
272,35.851902,127.388882,352.8070374,산림,389.0,5.7,0.6,0
273,34.500807,126.59243,98.98383331,산림,119.0,6.0,0.6,0
274,36.394611,129.372192,9.986323357,평지,105.0,6.0,0.1,0
275,35.638533,128.751095,61.06367874,산림,725.0,5.7,0.6,0
276,37.048065,128.489602,321.264801,산림,811.0,6.9,0.4,0
277,35.999437,127.233323,58.04756546,산림,426.0,5.6,1.4,0
278,37.61434,128.347138,602.3665161,산림,403.0,5.5,0.7,0
279,35.561569,128.212725,50.9830513,산림,191.0,6.4,0.6,0
280,37.336923,127.330814,78.52935028,산림,556.0,5.8,0.4,0
281,37.53162,128.068754,225.1658936,산림,135.0,6.0,0.4,0
282,36.047701,126.684298,13.47651768,평지,53.0,5.9,0.5,0
283,37.096061,128.304559,438.0071106,산림,2151.0,6.7,0.1,0
284,35.062472,126.98916,76.57891083,산림,22.0,5.5,0.5,0
285,33.294598,126.391681,329.9525146,산림,911.0,5.3,1.2,0
286,35.529363,126.691879,20.76164246,평지,161.0,6.0,0.7,0
287,37.178054,128.406909,211.4948425,산림,195.0,7.1,0.9,0
288,34.843674,127.42905,2.900481701,평지,58.0,6.0,0.8,0
289,37.824382,126.858508,76.26216888,산림,1421.0,6.0,0.8,0
290,36.736771,128.119356,190.1751404,산림,49.0,6.3,1.0,0
291,35.744103,127.343019,270.864502,산림,128.0,5.8,0.4,0
292,35.257079,127.826253,121.8409042,산림,145.0,5.9,0.5,0
293,36.143947,128.305818,50.55284882,산림,182.0,5.9,0.5,0
294,36.630763,127.35298,27.14213371,평지,302.0,6.1,0.5,0
295,36.386476,127.388655,133.3521881,산림,60.0,5.8,0.7,0
296,37.337916,127.335088,77.1166687,산림,556.0,5.8,0.4,0
297,36.923546,128.757909,242.1387024,산림,191.0,6.3,0.8,0
298,36.88802,127.235824,89.48852539,산림,592.0,6.3,0.8,0
299,35.634772,126.868353,10.0,평지,109.0,5.8,1.0,0
300,37.809156,127.476567,107.1582794,산림,277.0,5.7,0.6,0
301,36.691439,128.32216,307.0906372,산림,1588.0,6.1,0.2,0
302,37.525353,127.655887,123.3174591,산림,40.0,5.9,1.1,0
303,36.304295,128.143202,235.8890686,산림,181.0,6.3,1.2,0
304,35.683348,126.901471,9.426252365,평지,242.0,6.0,0.5,0
305,36.385331,126.781511,112.1341324,산림,359.0,5.6,0.8,0
306,36.595023,128.768131,185.5597076,산림,611.0,6.3,0.5,0
307,34.698348,125.953983,27.72640228,평지,79.0,6.7,1.7,0
308,35.445418,128.244896,165.7441711,산림,53.0,5.4,0.5,0
309,35.633603,128.468234,45.25059128,평지,252.0,5.8,0.9,0
310,35.636566,129.305299,57.46919632,산림,626.0,5.8,0.9,0
311,36.919917,127.049415,25.91295433,평지,92.0,6.2,0.7,0
312,36.271172,129.041452,297.740509,산림,91.0,6.1,0.5,0
313,35.337485,127.455314,220.9446411,산림,203.0,5.5,0.4,0
314,36.575625,128.282707,58.7881012,산림,211.0,6.1,0.2,0
315,36.124763,128.544958,99.50259399,산림,28.0,6.3,0.3,0
316,36.238047,127.478661,159.3986511,산림,319.0,6.0,0.6,0
317,37.790314,126.450561,11.48312569,평지,84.0,6.0,1.0,0
318,37.33195,127.379746,122.1356964,산림,507.0,6.2,2.1,0
319,37.877473,126.955515,120.7329941,산림,320.0,6.4,1.3,0
